GSM2402854,"GBM, G34"
GSM2402859,"GBM, G34"
GSM2402860,"GBM, G34"
GSM2402862,"GBM, G34"
GSM2402867,"GBM, G34"
GSM2402870,"GBM, MYCN"
GSM2402876,"GBM, G34"
GSM2402877,"GBM, G34"
GSM2402878,"GBM, G34"
GSM2402880,"GBM, G34"
GSM2402882,"GBM, G34"
GSM2402883,"GBM, G34"
GSM2403087,"GBM, MES"
GSM2403088,"GBM, RTK II"
GSM2403089,"GBM, RTK II"
GSM2403090,"GBM, RTK I"
GSM2403091,"GBM, MES"
GSM2403092,"GBM, MES"
GSM2403093,"GBM, MES"
GSM2403094,"GBM, MES"
GSM2403095,"GBM, RTK II"
GSM2403096,"GBM, MES"
GSM2403097,"GBM, RTK II"
GSM2403098,"GBM, RTK II"
GSM2403099,"GBM, MES"
GSM2403100,"GBM, RTK II"
GSM2403101,"GBM, RTK II"
GSM2403102,"GBM, RTK II"
GSM2403103,"GBM, RTK II"
GSM2403104,"GBM, RTK II"
GSM2403105,"GBM, MES"
GSM2403106,"GBM, MES"
GSM2403107,"GBM, RTK II"
GSM2403108,"GBM, RTK II"
GSM2403109,"GBM, RTK II"
GSM2403110,"GBM, RTK I"
GSM2403111,"GBM, RTK II"
GSM2403113,"GBM, G34"
GSM2403114,"GBM, G34"
GSM2403116,"GBM, G34"
GSM2403118,"GBM, G34"
GSM2403120,"GBM, RTK II"
GSM2403121,"GBM, RTK II"
GSM2403122,"GBM, RTK II"
GSM2403123,"GBM, RTK II"
GSM2403124,"GBM, RTK I"
GSM2403125,"GBM, RTK II"
GSM2403190,"GBM, G34"
GSM2403425,"GBM, G34"
GSM2403471,"GBM, RTK II"
GSM2403472,"GBM, RTK II"
GSM2403473,"GBM, RTK I"
GSM2403474,"GBM, RTK II"
GSM2403475,"GBM, RTK I"
GSM2403476,"GBM, RTK II"
GSM2403477,"GBM, RTK II"
GSM2403478,"GBM, RTK I"
GSM2403479,"GBM, RTK II"
GSM2403480,"GBM, RTK I"
GSM2403481,"GBM, RTK II"
GSM2403482,"GBM, RTK II"
GSM2403483,"GBM, RTK I"
GSM2403484,"GBM, RTK II"
GSM2403485,"GBM, RTK II"
GSM2403486,"GBM, RTK II"
GSM2403487,"GBM, RTK I"
GSM2403488,"GBM, RTK II"
GSM2403489,"GBM, MID"
GSM2403597,"GBM, RTK I"
GSM2403598,"GBM, RTK II"
GSM2403604,"GBM, RTK II"
GSM2403648,"GBM, MES"
GSM2403649,"GBM, RTK I"
GSM2403650,"GBM, RTK II"
GSM2403668,"GBM, MES"
GSM2403669,"GBM, RTK II"
GSM2403670,"GBM, RTK II"
GSM2403671,"GBM, RTK II"
GSM2403672,"GBM, RTK II"
GSM2403673,"GBM, RTK II"
GSM2403674,"GBM, RTK II"
GSM2403675,"GBM, MES"
GSM2403676,"GBM, RTK II"
GSM2403677,"GBM, RTK II"
GSM2403678,"GBM, RTK II"
GSM2403679,"GBM, RTK II"
GSM2403680,"GBM, RTK II"
GSM2403682,"GBM, RTK II"
GSM2403683,"GBM, RTK II"
GSM2403684,"GBM, MES"
GSM2403685,"GBM, RTK II"
GSM2403688,"GBM, RTK I"
GSM2403689,"GBM, RTK II"
GSM2403690,"GBM, RTK I"
GSM2403691,"GBM, RTK II"
GSM2403693,"GBM, RTK I"
GSM2403696,"GBM, RTK I"
GSM2403697,"GBM, RTK II"
GSM2403724,"GBM, RTK II"
GSM2403729,"GBM, RTK II"
GSM2403738,"GBM, MES"
GSM2403740,"GBM, G34"
GSM2403748,"GBM, G34"
GSM2403896,"GBM, MYCN"
GSM2404023,"GBM, RTK III"
GSM2404025,"GBM, RTK III"
GSM2404026,"GBM, MYCN"
GSM2404042,"GBM, RTK II"
GSM2404056,"GBM, RTK I"
GSM2404067,"GBM, MID"
GSM2404131,"GBM, RTK III"
GSM2404132,"GBM, G34"
GSM2404137,"GBM, G34"
GSM2404200,"GBM, RTK II"
GSM2404208,"GBM, RTK I"
GSM2404287,"GBM, MES"
GSM2404344,"GBM, MES"
GSM2404366,"GBM, G34"
GSM2404368,"GBM, RTK I"
GSM2404480,"GBM, G34"
GSM2404486,"GBM, MYCN"
GSM2404487,"GBM, MYCN"
GSM2404488,"GBM, G34"
GSM2404489,"GBM, G34"
GSM2404491,"GBM, G34"
GSM2404493,"GBM, MYCN"
GSM2404499,"GBM, RTK III"
GSM2404500,"GBM, G34"
GSM2404518,"GBM, G34"
GSM2404527,"GBM, RTK II"
GSM2404528,"GBM, RTK II"
GSM2404539,"GBM, RTK II"
GSM2404546,"GBM, MES"
GSM2404569,"GBM, RTK II"
GSM2404570,"GBM, MES"
GSM2404571,"GBM, RTK I"
GSM2404573,"GBM, RTK II"
GSM2404574,"GBM, RTK II"
GSM2404577,"GBM, RTK II"
GSM2404579,"GBM, RTK II"
GSM2404580,"GBM, RTK I"
GSM2404582,"GBM, MES"
GSM2404592,"GBM, RTK II"
GSM2404593,"GBM, RTK II"
GSM2404597,"GBM, RTK II"
GSM2404598,"GBM, MES"
GSM2404600,"GBM, RTK I"
GSM2404602,"GBM, RTK II"
GSM2404603,"GBM, RTK II"
GSM2404604,"GBM, MES"
GSM2404613,"GBM, MYCN"
GSM2404614,"GBM, G34"
GSM2404617,"GBM, RTK III"
GSM2404628,"GBM, RTK II"
GSM2404631,"GBM, RTK I"
GSM2404632,"GBM, RTK I"
GSM2404633,"GBM, RTK II"
GSM2404634,"GBM, MES"
GSM2404635,"GBM, RTK II"
GSM2404636,"GBM, MES"
GSM2404637,"GBM, RTK I"
GSM2404640,"GBM, RTK II"
GSM2404641,"GBM, RTK II"
GSM2404642,"GBM, RTK II"
GSM2404645,"GBM, RTK II"
GSM2404647,"GBM, RTK I"
GSM2404648,"GBM, G34"
GSM2404652,"GBM, G34"
GSM2404654,"GBM, MID"
GSM2404659,"GBM, RTK III"
GSM2404661,"GBM, RTK III"
GSM2404662,"GBM, G34"
GSM2404666,"GBM, MYCN"
GSM2404667,"GBM, RTK III"
GSM2404670,"GBM, MYCN"
GSM2404671,"GBM, G34"
GSM2404672,"GBM, MID"
GSM2404674,"GBM, RTK III"
GSM2404685,"GBM, RTK I"
GSM2404686,"GBM, RTK II"
GSM2404687,"GBM, RTK II"
GSM2404701,"GBM, MES"
GSM2404702,"GBM, RTK II"
GSM2404714,"GBM, RTK II"
GSM2404715,"GBM, RTK I"
GSM2404716,"GBM, RTK II"
GSM2404736,"GBM, RTK II"
GSM2404738,"GBM, RTK I"
GSM2404815,"GBM, MYCN"
GSM2404827,"GBM, RTK II"
GSM2404829,"GBM, MES"
GSM2404830,"GBM, MES"
GSM2404846,"GBM, RTK I"
GSM2404848,"GBM, MID"
GSM2404868,"GBM, RTK II"
GSM2404869,"GBM, RTK I"
GSM2404870,"GBM, MES"
GSM2404872,"GBM, RTK II"
GSM2404874,"GBM, RTK II"
GSM2404876,"GBM, G34"
GSM2404891,"GBM, RTK II"
GSM2404905,"GBM, MES"
GSM2404911,"GBM, RTK II"
GSM2404912,"GBM, MES"
GSM2404923,"GBM, RTK I"
GSM2404995,"GBM, RTK I"
GSM2404998,"GBM, RTK II"
GSM2404999,"GBM, RTK I"
GSM2405000,"GBM, RTK I"
GSM2405001,"GBM, RTK II"
GSM2405003,"GBM, MES"
GSM2405005,"GBM, RTK III"
GSM2405006,"GBM, MYCN"
GSM2405007,"GBM, MYCN"
GSM2405008,"GBM, MID"
GSM2405009,"GBM, RTK III"
GSM2405025,"GBM, MES"
GSM2405026,"GBM, G34"
GSM2405027,"GBM, MID"
GSM2405028,"GBM, RTK II"
GSM2405030,"GBM, RTK II"
GSM2405031,"GBM, MES"
GSM2405036,"GBM, RTK I"
GSM2405037,"GBM, MES"
GSM2405055,"GBM, MID"
GSM2405056,"GBM, RTK II"
GSM2405058,"GBM, RTK II"
GSM2405059,"GBM, RTK II"
GSM2405060,"GBM, MES"
GSM2405067,"GBM, RTK II"
GSM2405069,"GBM, MES"
GSM2405074,"GBM, RTK I"
GSM2405077,"GBM, MES"
GSM2405087,"GBM, RTK II"
GSM2405088,"GBM, RTK I"
GSM2405104,"GBM, RTK II"
GSM2405110,"GBM, RTK II"
GSM2405111,"GBM, MID"
GSM2405112,"GBM, RTK II"
GSM2405115,"GBM, RTK I"
GSM2405130,"GBM, MES"
GSM2405131,"GBM, RTK I"
GSM2405132,"GBM, RTK I"
GSM2405133,"GBM, RTK II"
GSM2405134,"GBM, RTK II"
GSM2405135,"GBM, RTK I"
GSM2405136,"GBM, MES"
GSM2405138,"GBM, RTK II"
GSM2405140,"GBM, MES"
GSM2405142,"GBM, RTK II"
GSM2405143,"GBM, RTK I"
GSM2405148,"GBM, MID"
GSM2405149,"GBM, RTK I"
GSM2405150,"GBM, RTK I"
GSM2405151,"GBM, RTK II"
GSM2405157,"GBM, MES"
GSM2405162,"GBM, RTK I"
GSM2405163,"GBM, RTK II"
GSM2405164,"GBM, MES"
GSM2405165,"GBM, RTK I"
GSM2405166,"GBM, RTK I"
GSM2405167,"GBM, RTK I"
GSM2405168,"GBM, RTK II"
GSM2405169,"GBM, RTK II"
GSM2405176,"GBM, RTK I"
GSM2405177,"GBM, RTK II"
GSM2405179,"GBM, RTK I"
GSM2405180,"GBM, RTK II"
GSM2405187,"GBM, RTK I"
GSM2405188,"GBM, RTK II"
GSM2405189,"GBM, RTK I"
GSM2405190,"GBM, MES"
GSM2405194,"GBM, G34"
GSM2405200,"GBM, RTK I"
GSM2405212,"GBM, MES"
GSM2405213,"GBM, RTK III"
GSM2405214,"GBM, RTK II"
GSM2405217,"GBM, RTK I"
GSM2405222,"GBM, RTK II"
GSM2405227,"GBM, MES"
GSM2405245,"GBM, RTK I"
GSM2405246,"GBM, RTK II"
GSM2405265,"GBM, RTK II"
GSM2405270,"GBM, RTK II"
GSM2405272,"GBM, RTK II"
GSM2405273,"GBM, RTK I"
GSM2405280,"GBM, RTK II"
GSM2405281,"GBM, RTK I"
GSM2405290,"GBM, RTK II"
GSM2405296,"GBM, RTK I"
GSM2405297,"GBM, RTK II"
GSM2405306,"GBM, MES"
GSM2405309,"GBM, RTK II"
GSM2405311,"GBM, MYCN"
GSM2405313,"GBM, RTK II"
GSM2405317,"GBM, MES"
GSM2405320,"GBM, RTK II"
GSM2405324,"GBM, RTK II"
GSM2405325,"GBM, RTK II"
GSM2405328,"GBM, RTK II"
GSM2405329,"GBM, MES"
GSM2405331,"GBM, MID"
GSM2405333,"GBM, MID"
GSM2405373,"GBM, RTK II"
GSM2405375,"GBM, RTK I"
GSM2405376,"GBM, RTK II"
GSM2405377,"GBM, RTK II"
GSM2405380,"GBM, RTK III"
GSM2405383,"GBM, RTK II"
GSM2405388,"GBM, MES"
GSM2405427,"GBM, RTK II"
GSM2405428,"GBM, MID"
GSM2405433,"GBM, RTK I"
GSM2405437,"GBM, RTK I"
GSM2405439,"GBM, MES"
GSM2405443,"GBM, RTK II"
GSM2405444,"GBM, RTK I"
GSM2405445,"GBM, RTK II"
GSM2405446,"GBM, RTK II"
GSM2405453,"GBM, MID"
GSM2405457,"GBM, MES"
GSM2405463,"GBM, RTK II"
GSM2405465,"GBM, RTK II"
GSM2405466,"GBM, RTK II"
GSM2405467,"GBM, MES"
GSM2405470,"GBM, MES"
GSM2405472,"GBM, RTK I"
GSM2405473,"GBM, RTK II"
GSM2405477,"GBM, RTK II"
GSM2405478,"GBM, MES"
GSM2405489,"GBM, RTK II"
GSM2405490,"GBM, MES"
GSM2405498,"GBM, RTK I"
GSM2405499,"GBM, RTK II"
GSM2405500,"GBM, MES"
GSM2405503,"GBM, RTK II"
GSM2405505,"GBM, MYCN"
GSM2405544,"GBM, MYCN"
GSM2405559,"GBM, RTK II"
GSM2405560,"GBM, RTK II"
GSM2405561,"GBM, MES"
GSM2405580,"GBM, G34"
GSM2405581,"GBM, G34"
GSM2405582,"GBM, G34"
GSM2405583,"GBM, G34"
GSM2405584,"GBM, G34"
GSM2405642,"GBM, MYCN"
GSM2940725,"GBM, MES"
GSM2940727,"GBM, MES"
GSM2940729,"GBM, MYCN"
GSM2940732,"GBM, RTK II"
GSM2940734,"GBM, MES"
GSM2940735,"GBM, MES"
GSM2940736,"GBM, MES"
GSM2940737,"GBM, MES"
GSM2940740,"GBM, RTK I"
GSM2940742,"GBM, RTK II"
GSM2940749,"GBM, MES"
GSM2940756,"GBM, MES"
GSM2940757,"GBM, RTK II"
GSM2940764,"GBM, MES"
GSM2940765,"GBM, MES"
GSM2940767,"GBM, RTK II"
GSM2940769,"GBM, RTK II"
GSM2940772,"GBM, MES"
GSM2940775,"GBM, MES"
GSM2940778,"GBM, RTK I"
GSM2940779,"GBM, RTK II"
GSM2940786,"GBM, RTK II"
GSM2940787,"GBM, RTK II"
GSM2940805,"GBM, MES"
GSM2940806,"GBM, RTK II"
GSM2940807,"GBM, MES"
GSM2940808,"GBM, RTK I"
GSM2940810,"GBM, RTK II"
GSM2940812,"GBM, G34"
GSM2940813,"GBM, MES"
GSM2940818,"GBM, MYCN"
GSM2940820,"GBM, RTK I"
GSM2940822,"GBM, MES"
GSM2940838,"GBM, MES"
GSM2940842,"GBM, RTK II"
GSM2940850,"GBM, RTK I"
GSM2940855,"GBM, RTK II"
GSM2940856,"GBM, MID"
GSM2940858,"GBM, RTK II"
GSM2940863,"GBM, RTK II"
GSM2940872,"GBM, MID"
GSM2940876,"GBM, MYCN"
GSM2940882,"GBM, RTK II"
GSM2940883,"GBM, RTK II"
GSM2940897,"GBM, MES"
GSM2940898,"GBM, MES"
GSM2940913,"GBM, RTK II"
GSM2940917,"GBM, MES"
GSM2940922,"GBM, RTK I"
GSM2940928,"GBM, MES"
GSM2940932,"GBM, MES"
GSM2940938,"GBM, RTK I"
GSM2940941,"GBM, RTK I"
GSM2940949,"GBM, RTK I"
GSM2940967,"GBM, RTK I"
GSM2940968,"GBM, RTK I"
GSM2940971,"GBM, MES"
GSM2940972,"GBM, RTK I"
GSM2940974,"GBM, RTK I"
GSM2940979,"GBM, MES"
GSM2940983,"GBM, RTK II"
GSM2940985,"GBM, RTK II"
GSM2940986,"GBM, MYCN"
GSM2940988,"GBM, MID"
GSM2940990,"GBM, RTK II"
GSM2940991,"GBM, MES"
GSM2940994,"GBM, RTK II"
GSM2940995,"GBM, MES"
GSM2940997,"GBM, RTK II"
GSM2941001,"GBM, MES"
GSM2941002,"GBM, RTK I"
GSM2941007,"GBM, MES"
GSM2941008,"GBM, RTK I"
GSM2941009,"GBM, MES"
GSM2941015,"GBM, MES"
GSM2941016,"GBM, MES"
GSM2941017,"GBM, RTK II"
GSM2941018,"GBM, MES"
GSM2941020,"GBM, MES"
GSM2941022,"GBM, RTK II"
GSM2941027,"GBM, MES"
GSM2941033,"GBM, RTK II"
GSM2941036,"GBM, RTK II"
GSM2941045,"GBM, MES"
GSM2941046,"GBM, RTK I"
GSM2941053,"GBM, G34"
GSM2941058,"GBM, RTK II"
GSM2941060,"GBM, MES"
GSM2941065,"GBM, RTK II"
GSM2941071,"GBM, RTK II"
GSM2941072,"GBM, MES"
GSM2941074,"GBM, RTK I"
GSM2941076,"GBM, MYCN"
GSM2941077,"GBM, MES"
GSM2941078,"GBM, RTK II"
GSM2941085,"GBM, MID"
GSM2941086,"GBM, RTK II"
GSM2941094,"GBM, RTK II"
GSM2941099,"GBM, MES"
GSM2941105,"GBM, MID"
GSM2941106,"GBM, MES"
GSM2941108,"GBM, RTK II"
GSM2941110,"GBM, RTK II"
GSM2941115,"GBM, RTK II"
GSM2941116,"GBM, RTK II"
GSM2941117,"GBM, RTK II"
GSM2941120,"GBM, RTK II"
GSM2941126,"GBM, RTK I"
GSM2941128,"GBM, MYCN"
GSM2941131,"GBM, RTK II"
GSM2941132,"GBM, RTK I"
GSM2941140,"GBM, RTK II"
GSM2941143,"GBM, RTK III"
GSM2941150,"GBM, MES"
GSM2941156,"GBM, MES"
GSM2941158,"GBM, RTK II"
GSM2941164,"GBM, RTK I"
GSM2941165,"GBM, RTK I"
GSM2941167,"GBM, RTK II"
GSM2941171,"GBM, RTK II"
GSM2941172,"GBM, RTK II"
GSM2941174,"GBM, RTK III"
GSM2941176,"GBM, MES"
GSM2941178,"GBM, G34"
GSM2941187,"GBM, RTK II"
GSM2941192,"GBM, RTK II"
GSM2941193,"GBM, MYCN"
GSM2941201,"GBM, RTK I"
GSM2941210,"GBM, RTK II"
GSM2941215,"GBM, RTK II"
GSM2941218,"GBM, RTK I"
GSM2941225,"GBM, RTK II"
GSM2941233,"GBM, MYCN"
GSM2941234,"GBM, RTK II"
GSM2941239,"GBM, MES"
GSM2941244,"GBM, MES"
GSM2941257,"GBM, MYCN"
GSM2941258,"GBM, MES"
GSM2941260,"GBM, RTK II"
GSM2941261,"GBM, RTK II"
GSM2941262,"GBM, RTK II"
GSM2941266,"GBM, RTK II"
GSM2941267,"GBM, RTK II"
GSM2941268,"GBM, MES"
GSM2941270,"GBM, RTK II"
GSM2941275,"GBM, MES"
GSM2941281,"GBM, RTK II"
GSM2941284,"GBM, MES"
GSM2941287,"GBM, RTK II"
GSM2941288,"GBM, MES"
GSM2941290,"GBM, RTK I"
GSM2941292,"GBM, RTK II"
GSM2941293,"GBM, MES"
GSM2941296,"GBM, MES"
GSM2941298,"GBM, MES"
GSM2941300,"GBM, RTK I"
GSM2941302,"GBM, MES"
GSM2941310,"GBM, G34"
GSM2941320,"GBM, RTK II"
GSM2941321,"GBM, RTK III"
GSM2941325,"GBM, MES"
GSM2941335,"GBM, RTK II"
GSM2941336,"GBM, RTK II"
GSM2941338,"GBM, MES"
GSM2941344,"GBM, MES"
GSM2941345,"GBM, RTK II"
GSM2941363,"GBM, RTK II"
GSM2941365,"GBM, RTK I"
GSM2941368,"GBM, MYCN"
GSM2941371,"GBM, RTK II"
GSM2941372,"GBM, MES"
GSM2941373,"GBM, RTK II"
GSM2941385,"GBM, MES"
GSM2941386,"GBM, MES"
GSM2941398,"GBM, RTK III"
GSM2941401,"GBM, MES"
GSM2941402,"GBM, RTK II"
GSM2941406,"GBM, RTK II"
GSM2941407,"GBM, RTK I"
GSM2941411,"GBM, G34"
GSM2941414,"GBM, RTK III"
GSM2941418,"GBM, MES"
GSM2941422,"GBM, MES"
GSM2941424,"GBM, MYCN"
GSM2941427,"GBM, RTK I"
GSM2941430,"GBM, G34"
GSM2941436,"GBM, MES"
GSM2941439,"GBM, MES"
GSM2941447,"GBM, RTK II"
GSM2941450,"GBM, MES"
GSM2941457,"GBM, MYCN"
GSM2941459,"GBM, MES"
GSM2941460,"GBM, RTK II"
GSM2941462,"GBM, RTK III"
GSM2941463,"GBM, MID"
GSM2941468,"GBM, MES"
GSM2941469,"GBM, G34"
GSM2941473,"GBM, G34"
GSM2941475,"GBM, RTK I"
GSM2941478,"GBM, MYCN"
GSM2941480,"GBM, RTK II"
GSM2941481,"GBM, RTK II"
GSM2941484,"GBM, G34"
GSM2941487,"GBM, MID"
GSM2941488,"GBM, MES"
GSM2941489,"GBM, RTK II"
GSM2941491,"GBM, MID"
GSM2941493,"GBM, MES"
GSM2941496,"GBM, MYCN"
GSM2941500,"GBM, RTK II"
GSM2941506,"GBM, G34"
GSM2941510,"GBM, MES"
GSM2941511,"GBM, RTK II"
GSM2941525,"GBM, RTK II"
GSM2941528,"GBM, MES"
GSM2941532,"GBM, RTK II"
GSM2941533,"GBM, RTK I"
GSM2941537,"GBM, RTK II"
GSM2941538,"GBM, MYCN"
GSM2941541,"GBM, RTK I"
GSM2941546,"GBM, MES"
GSM2941558,"GBM, RTK II"
GSM2941561,"GBM, RTK I"
GSM2941562,"GBM, G34"
GSM2941566,"GBM, MES"
GSM2941567,"GBM, RTK II"
GSM2941568,"GBM, MID"
GSM2941569,"GBM, RTK II"
GSM2941572,"GBM, G34"
GSM2941587,"GBM, RTK II"
GSM2941588,"GBM, MID"
GSM2941589,"GBM, RTK II"
GSM2941591,"GBM, RTK II"
GSM2941594,"GBM, RTK II"
GSM2941595,"GBM, MES"
GSM2941601,"GBM, RTK I"
GSM2941602,"GBM, RTK I"
GSM2941604,"GBM, MES"
GSM2941605,"GBM, RTK II"
GSM2941608,"GBM, MES"
GSM2941609,"GBM, MES"
GSM2941613,"GBM, RTK II"
GSM2941615,"GBM, RTK I"
GSM2941616,"GBM, RTK II"
GSM2941617,"GBM, MES"
GSM2941618,"GBM, RTK I"
GSM2941620,"GBM, MID"
GSM2941621,"GBM, RTK I"
GSM2941622,"GBM, MID"
GSM2941625,"GBM, MES"
GSM2941632,"GBM, MID"
GSM2941633,"GBM, RTK I"
GSM2941637,"GBM, RTK II"
GSM2941640,"GBM, RTK II"
GSM2941645,"GBM, MES"
GSM2941648,"GBM, RTK II"
GSM2941651,"GBM, MES"
GSM2941653,"GBM, RTK II"
GSM2941654,"GBM, MES"
GSM2941657,"GBM, RTK II"
GSM2941658,"GBM, RTK II"
GSM2941660,"GBM, RTK III"
GSM2941662,"GBM, RTK III"
GSM2941663,"GBM, MES"
GSM2941668,"GBM, RTK III"
GSM2941670,"GBM, MID"
GSM2941672,"GBM, RTK II"
GSM2941687,"GBM, RTK II"
GSM2941688,"GBM, RTK II"
GSM2941695,"GBM, MES"
GSM2941696,"GBM, RTK II"
GSM2941697,"GBM, MES"
GSM2941698,"GBM, MES"
GSM2941700,"GBM, RTK II"
GSM2941701,"GBM, MES"
GSM2941702,"GBM, RTK II"
GSM2941703,"GBM, MYCN"
GSM2941704,"GBM, RTK II"
GSM2941707,"GBM, MYCN"
GSM2941710,"GBM, RTK II"
GSM2941712,"GBM, MES"
GSM2941717,"GBM, MES"
GSM2941719,"GBM, RTK II"
GSM2941722,"GBM, RTK II"
GSM2941725,"GBM, MID"
GSM2941726,"GBM, RTK II"
GSM2941728,"GBM, RTK I"
GSM2941730,"GBM, RTK I"
GSM2941731,"GBM, MES"
GSM2941732,"GBM, MES"
GSM2941733,"GBM, RTK II"
GSM2941738,"GBM, MES"
GSM2941741,"GBM, RTK II"
GSM2941746,"GBM, MES"
GSM2941750,"GBM, RTK II"
GSM2941753,"GBM, MES"
GSM2941754,"GBM, MES"
GSM2941756,"GBM, RTK II"
GSM2941757,"GBM, MES"
GSM2941758,"GBM, RTK II"
GSM2941759,"GBM, RTK II"
GSM2941761,"GBM, MES"
GSM2941768,"GBM, RTK II"
GSM2941770,"GBM, RTK I"
GSM2941771,"GBM, RTK II"
GSM2941773,"GBM, MES"
GSM2941781,"GBM, RTK II"
GSM2941783,"GBM, MID"
GSM2941784,"GBM, RTK II"
GSM2941786,"GBM, RTK I"
GSM2941790,"GBM, MES"
GSM2941794,"GBM, MID"
GSM2941796,"GBM, RTK II"
GSM2941799,"GBM, MES"
GSM2941802,"GBM, RTK I"
GSM2941807,"GBM, RTK I"
GSM2941812,"GBM, MID"
GSM2941813,"GBM, MES"
GSM2941814,"GBM, RTK II"
GSM2941816,"GBM, RTK II"
GSM2941817,"GBM, MES"
GSM2941818,"GBM, MID"
GSM2941819,"GBM, MES"
GSM2941820,"GBM, G34"
